[
  {
    "key": "pe17",
    "name": "PE 1.7 lb",
    "density_lb_ft3": 1.7,
    "series": [
      { "defl": 0.20, "points": [ { "psi": 0.20, "g": 150 }, { "psi": 0.40, "g": 105 }, { "psi": 0.70, "g": 85 }, { "psi": 1.00, "g": 95 }, { "psi": 1.30, "g": 120 } ] },
      { "defl": 0.25, "points": [ { "psi": 0.25, "g": 140 }, { "psi": 0.50, "g": 95 },  { "psi": 0.80, "g": 70 }, { "psi": 1.10, "g": 78 }, { "psi": 1.40, "g": 105 } ] },
      { "defl": 0.30, "points": [ { "psi": 0.30, "g": 145 }, { "psi": 0.55, "g": 100 }, { "psi": 0.85, "g": 73 }, { "psi": 1.20, "g": 80 }, { "psi": 1.55, "g": 110 } ] },
      { "defl": 0.35, "points": [ { "psi": 0.35, "g": 155 }, { "psi": 0.60, "g": 110 }, { "psi": 0.90, "g": 80 }, { "psi": 1.30, "g": 88 }, { "psi": 1.70, "g": 120 } ] }
    ]
  },
  {
    "key": "pe22",
    "name": "PE 2.2 lb",
    "density_lb_ft3": 2.2,
    "series": [
      { "defl": 0.20, "points": [ { "psi": 0.35, "g": 150 }, { "psi": 0.60, "g": 105 }, { "psi": 0.95, "g": 85 }, { "psi": 1.30, "g": 95 }, { "psi": 1.70, "g": 125 } ] },
      { "defl": 0.25, "points": [ { "psi": 0.40, "g": 140 }, { "psi": 0.70, "g": 95 },  { "psi": 1.05, "g": 70 }, { "psi": 1.45, "g": 78 }, { "psi": 1.90, "g": 108 } ] },
      { "defl": 0.30, "points": [ { "psi": 0.45, "g": 145 }, { "psi": 0.80, "g": 100 }, { "psi": 1.20, "g": 72 }, { "psi": 1.65, "g": 80 }, { "psi": 2.10, "g": 112 } ] },
      { "defl": 0.35, "points": [ { "psi": 0.50, "g": 155 }, { "psi": 0.90, "g": 110 }, { "psi": 1.35, "g": 80 }, { "psi": 1.85, "g": 88 }, { "psi": 2.45, "g": 122 } ] }
    ]
  },
  {
    "key": "pu13",
    "name": "PU 1.3 lb (ester)",
    "density_lb_ft3": 1.3,
    "series": [
      { "defl": 0.20, "points": [ { "psi": 0.12, "g": 150 }, { "psi": 0.25, "g": 110 }, { "psi": 0.40, "g": 88 }, { "psi": 0.60, "g": 102 } ] },
      { "defl": 0.25, "points": [ { "psi": 0.15, "g": 140 }, { "psi": 0.28, "g": 100 }, { "psi": 0.45, "g": 80 }, { "psi": 0.65, "g": 96 } ] },
      { "defl": 0.30, "points": [ { "psi": 0.18, "g": 142 }, { "psi": 0.32, "g": 102 }, { "psi": 0.52, "g": 83 }, { "psi": 0.75, "g": 98 } ] }
    ]
  }
]
